<mujoco model="labs434">
	<compiler angle="radian" />
	
	<size njmax="500" nconmax="100"/>
	
	<include file="model.xml"/>
	<include file="palet.xml"/>
	<include file="palet_drop.xml"/>
	<!--<include file="walls.xml"/>-->
	<include file="small_walls.xml"/>
	<!--<include file="dynamic_objects.xml"/>-->
	
	<asset>
		<texture type="skybox" builtin="gradient" rgb1="0.3 0.5 0.7" rgb2="0 0 0" width="512" height="3072"/>
		<texture type="2d" name="groundplane" builtin="checker" mark="edge" rgb1="0.2 0.3 0.4" rgb2="0.1 0.2 0.3" markrgb="0.8 0.8 0.8" width="300" height="300"/>
		<material name="groundplane" texture="groundplane" texuniform="true" texrepeat="1 1" reflectance="0.3"/>
	</asset>
	
	<visual>
		<headlight ambient="0.6 0.6 0.6" diffuse="0.5 0.5 0.5" specular="0.2 0.2 0.2"/>
		<rgba haze="0.15 0.25 0.35 1"/>
	</visual>

	<worldbody>
		<geom contype="1" friction=".5 0.005 0.0001" name="floor" pos="0 0 0" size="0 0 .25" type="plane" material="groundplane" condim="3"/>
	</worldbody>
</mujoco>
