<mujoco model="walls">

			<default class="atlas_transpalet_wall">
				<geom type="box" pos="0 0 0" size="0 0 0" euler="0 0 0" mass="5"/>
			</default>

	<worldbody>
		<body pos="0 0 0" euler="0 0 0">
			<geom name="wall_1" class="atlas_transpalet_wall" pos="0 -2.2 1" size="22 0.2 1"/>
			<geom name="wall_2" class="atlas_transpalet_wall" pos="-22.2 5 1" size="0.2 7 1"/>
			<geom name="wall_3" class="atlas_transpalet_wall" pos="0 12.2 1" size="22 0.2 1"/>
			<geom name="wall_4" class="atlas_transpalet_wall" pos="22.2 5 1" size="0.2 7 1"/>
			<geom name="wall_5" class="atlas_transpalet_wall" pos="-12 7 1" size="0.2 5 1"/>
			<geom name="wall_6" class="atlas_transpalet_wall" pos="-2.2 8.2 1" size="0.2 3.8 1"/>
			<geom name="wall_7" class="atlas_transpalet_wall" pos="2.2 6.2 1" size="0.2 3.8 1"/>
			<geom name="wall_8" class="atlas_transpalet_wall" pos="12 7 1" size="0.2 5 1"/>
			<geom name="wall_9" class="atlas_transpalet_wall" pos="-18.1 2.2 1" size="3.9 0.2 1"/>
			<geom name="wall_10" class="atlas_transpalet_wall" pos="-6.9 2.2 1" size="4.9 0.2 1"/>
			<geom name="wall_11" class="atlas_transpalet_wall" pos="6.9 2.2 1" size="4.9 0.2 1"/>
			<geom name="wall_12" class="atlas_transpalet_wall" pos="18.1 2.2 1" size="3.9 0.2 1"/>
		</body>
	</worldbody>
		
</mujoco>
