<mujoco model="walls">

	<default>
		<default class="atlas_transpalet_walls">
			<default class="atlas_transpalet_wall">
				<geom type="box" pos="0 0 0" size="0 0 0" euler="0 0 0" mass="5"/>
			</default>
		</default>
	</default>
	
	<worldbody>
		<body pos="0 0 0" euler="0 0 0">
			<geom name="wall_1" class="atlas_transpalet_wall" pos="0 -2.2 1" size="52 0.2 1"/>
			<geom name="wall_2" class="atlas_transpalet_wall" pos="-52.2 10 1" size="0.2 12 1"/>
			<geom name="wall_3" class="atlas_transpalet_wall" pos="0 22.2 1" size="52 0.2 1"/>
			<geom name="wall_4" class="atlas_transpalet_wall" pos="52.2 10 1" size="0.2 12 1"/>
			<geom name="wall_5" class="atlas_transpalet_wall" pos="-27 12 1" size="0.2 10 1"/>
			<geom name="wall_6" class="atlas_transpalet_wall" pos="-2.2 13.2 1" size="0.2 8.8 1"/>
			<geom name="wall_7" class="atlas_transpalet_wall" pos="2.2 11.2 1" size="0.2 8.8 1"/>
			<geom name="wall_8" class="atlas_transpalet_wall" pos="27 12 1" size="0.2 10 1"/>
			<geom name="wall_9" class="atlas_transpalet_wall" pos="-14.4 2.2 1" size="12.4 0.2 1"/>
			<geom name="wall_10" class="atlas_transpalet_wall" pos="-40.6 2.2 1" size="11.4 0.2 1"/>
			<geom name="wall_11" class="atlas_transpalet_wall" pos="14.4 2.2 1" size="12.4 0.2 1"/>
			<geom name="wall_12" class="atlas_transpalet_wall" pos="40.6 2.2 1" size="11.4 0.2 1"/>
		</body>
	</worldbody>
		
</mujoco>
